{"cameraMode":{"drawMode":0,"name":"Shaded","section":"Shading Mode"},"sceneLighting":false,"audioPlay":false,"sceneViewState":{"m_AlwaysRefresh":false,"showFog":true,"showSkybox":false,"showFlares":true,"showImageEffects":true,"showParticleSystems":true,"showVisualEffectGraphs":true,"m_FxEnabled":true},"in2DMode":false,"pivot":{"x":0.024107933044433595,"y":3.7330870628356935,"z":0.3207509517669678},"rotation":{"x":-0.14236730337142945,"y":0.09758272767066956,"z":-0.011062453500926495,"w":-0.9849298596382141},"size":234.57437133789063,"orthographic":false}